,1,Norma Ang Sánchez,Cónsul,Consulado de Carrera de México en 
,2,Francisco Javier Díaz de León,Cónsul General,Consulado General de México en 
,3,Carlos González Gutiérrez,Cónsul General,Consulado General de México en 
,4,Celso Humberto Delgado Ramírez,Cónsul,Consulado de Carrera de México en 
,5,Emilio Rabasa P. Gamboa,Cónsul General,Consulado General de México en 
,6,Juan Carlos Cue Vega,Cónsul,Consulado de Carrera de México en 
,7,Carlos Flores Vizcarra,Cónsul,Consulado de Carrera de México en 
,8,Carlos Martín Jiménez Macías,Cónsul General,Consulado General de México en 
,9,Francisco de la Torre Galindo,Cónsul General,Consulado General de México en 
,10,Carlos Gustavo Obrador Garrido Cuesta,Cónsul,Consulado de Carrera de México en 
,11,Berenice Rendón Talavera,Cónsul General,Consulado General de México en 
,12,Fernando González Saiffe,Cónsul,Consulado de Carrera de México en 
,13,Jorge Ernesto Espejel Montes,Cónsul,Consulado de Carrera de México en 
,14,Ismael Naveja Macías,Cónsul,Consulado de Carrera de México en 
,15,Marcos Augusto Bucio Mujíca,Cónsul General,Consulado General de México en 
,16,Alicia Guadalupe Kerber Palma,Cónsul,Consulado de Carrera de México en 
,17,David Manuel Preciado Juárez,Cónsul,Consulado de Carrera de México en 
,18,Oscar Rodríguez Cabrera,Cónsul General,Consulado General de México en 
,19,Luis Enrique Mateo Franco Díaz de León,Cónsul,Consulado de Carrera de México en 
,20,Alfonso Navarro Bernachi,Cónsul,Consulado de Carrera de México en 
,21,Carolina Zaragoza Flores,Cónsul General,Consulado General de México en 
,22,Alejandro Madrigal Becerra,Cónsul,Consulado de Carrera de México en 
,23,Rodolfo Quilantán Arenas,Cónsul,Consulado de Carrera de México en 
,24,Carlos Eugenio García de Alba,Cónsul General,Consulado General de México en 
,25,Eduardo Guadalupe Bernal Martínez,Cónsul,Consulado de Carrera de México en 
,26,Horacio Aarón Saavedra Archundia,Cónsul General,Consulado General de México en 
,27,Julián Adem Díaz de León,Cónsul,Consulado de Carrera de México en 
,28,Ricardo Santana Velázquez,Cónsul General,Consulado General de México en 
,29,Carlos Ponce Martínez,Cónsul,Consulado de Carrera de México en 
,30,Diego Antonio Gómez Pickering,Cónsul General,Consulado General de México en 
,31,María Guadalupe Sánchez Salazar,Cónsul,Consulado de Carrera de México en 
,32,Juan José Sabines Guerrero,Cónsul,Consulado de Carrera de México en 
,33,Roberto Rodríguez Hernández,Cónsul,Consulado de Carrera de México en 
,34,Claudia Franco Hijuelos,Cónsul General,Consulado General de México en 
,35,Francisco Maass Peña,Cónsul,Consulado de Carrera de México en 
,36,Sergio Francisco Salinas Meza,Cónsul,Consulado de Carrera de México en 
,37,María de los Remedios Gómez Arnau,Cónsul General,Consulado General de México en 
,38,Ilse Lilián Ferrer Silva,Cónsul General,Consulado General de México en 
,39,Gerardo Guerrero Gómez,Cónsul,Consulado de Carrera de México en 
,40,José Vicente Borjón López-Coterilla,Cónsul,Consulado de Carrera de México en 
,41,Reyna Torres Mendivil,Cónsul General,Consulado General de México en 
,42,Enrique Salomón Rosas Ramírez,Cónsul,Consulado de Carrera de México en 
,43,Marcela Celorio Mancera,Cónsul General,Consulado General de México en 
,44,Gemi José González López,Cónsul General,Consulado General de México en 
,45,Juan Manuel Calderón Jaimes,Cónsul General,Consulado General de México en 
,46,Héctor Daniel Dávalos Martínez,Cónsul General,Consulado General de México en 
,47,Mario Cuevas Zamora,Cónsul,Consulado de Carrera de México en 
,48,Roberto Dondisch Glowinski,Cónsul,Consulado de Carrera de México en 
,49,Ricardo Pineda Albarrán,Cónsul,Consulado de Carrera de México en 
,50,Eusebio Augusto Romero y Esquivel,Cónsul,Consulado de Carrera de México en 
,51,Rafael Eugenio Laveaga Rendón,Cónsul General,Consulado General de México en 
